{
    "Position_0": {
        "Front": {
            "Volunteer_0": {
                "0": {
                    "1-2": 0.0,
                    "avg": 0.0
                },
                "1": {
                    "1-2": 0.051428571428571435,
                    "avg": 0.051428571428571435
                },
                "2": {
                    "1-2": 0.10285714285714287,
                    "avg": 0.10285714285714287
                },
                "3": {
                    "1-2": 0.20571428571428574,
                    "avg": 0.20571428571428574
                },
                "4": {
                    "1-2": 0.4114285714285715,
                    "avg": 0.4114285714285715
                },
                "5": {
                    "1-2": 0.8057142857142857,
                    "avg": 0.8057142857142857
                },
                "6": {
                    "1-2": 1.6114285714285714,
                    "avg": 1.6114285714285714
                },
                "7": {
                    "1-2": 3.222857142857143,
                    "avg": 3.222857142857143
                }
            },
            "Volunteer_1": {
                "0": {
                    "1-2": 0.0,
                    "avg": 0.0
                },
                "1": {
                    "1-2": 0.05214421310750333,
                    "avg": 0.05214421310750333
                },
                "2": {
                    "1-2": 0.10428842621500665,
                    "avg": 0.10428842621500665
                },
                "3": {
                    "1-2": 0.2084185218505455,
                    "avg": 0.2084185218505455
                },
                "4": {
                    "1-2": 0.4168289427795169,
                    "avg": 0.4168289427795169
                },
                "5": {
                    "1-2": 0.816436459851716,
                    "avg": 0.816436459851716
                },
                "6": {
                    "1-2": 1.6152435443417275,
                    "avg": 1.6152435443417275
                },
                "7": {
                    "1-2": 3.2677040214035418,
                    "avg": 3.2677040214035418
                }
            }
        },
        "Side": {
            "Volunteer_0": {
                "0": {
                    "1-2": 0.0,
                    "avg": 0.0
                },
                "1": {
                    "1-2": 0.0522727159932759,
                    "avg": 0.0522727159932759
                },
                "2": {
                    "1-2": 0.10449781171210164,
                    "avg": 0.10449781171210164
                },
                "3": {
                    "1-2": 0.20895045989017616,
                    "avg": 0.20895045989017616
                },
                "4": {
                    "1-2": 0.4179009197803523,
                    "avg": 0.4179009197803523
                },
                "5": {
                    "1-2": 0.8183893012365233,
                    "avg": 0.8183893012365233
                },
                "6": {
                    "1-2": 1.6357781145114922,
                    "avg": 1.6357781145114922
                },
                "7": {
                    "1-2": 3.256144666621912,
                    "avg": 3.256144666621912
                }
            },
            "Volunteer_1": {
                "0": {
                    "1-2": 0.0,
                    "avg": 0.0
                },
                "1": {
                    "1-2": 0.05206874348174058,
                    "avg": 0.05206874348174058
                },
                "2": {
                    "1-2": 0.08684158777772497,
                    "avg": 0.08684158777772497
                },
                "3": {
                    "1-2": 0.2084314843831167,
                    "avg": 0.2084314843831167
                },
                "4": {
                    "1-2": 0.39976837751988903,
                    "avg": 0.39976837751988903
                },
                "5": {
                    "1-2": 0.8163496515049183,
                    "avg": 0.8163496515049183
                },
                "6": {
                    "1-2": 1.6164518858191599,
                    "avg": 1.6164518858191599
                },
                "7": {
                    "1-2": 3.2676991103501103,
                    "avg": 3.2676991103501103
                }
            }
        }
    },
    "Position_1": {
        "Front": {
            "Volunteer_0": {
                "0": {
                    "1-2": 0.0,
                    "avg": 0.0
                },
                "1": {
                    "1-2": 0.05190997251382867,
                    "avg": 0.05190997251382867
                },
                "2": {
                    "1-2": 0.10381994502765735,
                    "avg": 0.10381994502765735
                },
                "3": {
                    "1-2": 0.2076453907450533,
                    "avg": 0.2076453907450533
                },
                "4": {
                    "1-2": 0.41557014125322267,
                    "avg": 0.41557014125322267
                },
                "5": {
                    "1-2": 0.8138464344606899,
                    "avg": 0.8138464344606899
                },
                "6": {
                    "1-2": 1.626512472099965,
                    "avg": 1.626512472099965
                },
                "7": {
                    "1-2": 3.235721620028654,
                    "avg": 3.235721620028654
                }
            },
            "Volunteer_1": {
                "0": {
                    "1-2": 0.0,
                    "avg": 0.0
                },
                "1": {
                    "1-2": 0.052170834930251986,
                    "avg": 0.052170834930251986
                },
                "2": {
                    "1-2": 0.10437972641696835,
                    "avg": 0.10437972641696835
                },
                "3": {
                    "1-2": 0.20893610049637132,
                    "avg": 0.20893610049637132
                },
                "4": {
                    "1-2": 0.4175189056678734,
                    "avg": 0.4175189056678734
                },
                "5": {
                    "1-2": 0.8183330602774543,
                    "avg": 0.8183330602774543
                },
                "6": {
                    "1-2": 1.6352823805325043,
                    "avg": 1.6352823805325043
                },
                "7": {
                    "1-2": 3.253168139995514,
                    "avg": 3.253168139995514
                }
            }
        },
        "Side": {
            "Volunteer_0": {
                "0": {
                    "1-2": 0.0,
                    "avg": 0.0
                },
                "1": {
                    "1-2": 0.05217099644140705,
                    "avg": 0.05217099644140705
                },
                "2": {
                    "1-2": 0.10443708523670647,
                    "avg": 0.10443708523670647
                },
                "3": {
                    "1-2": 0.2095995835183404,
                    "avg": 0.2095995835183404
                },
                "4": {
                    "1-2": 0.41813585140405307,
                    "avg": 0.41813585140405307
                },
                "5": {
                    "1-2": 0.8188493756662706,
                    "avg": 0.8188493756662706
                },
                "6": {
                    "1-2": 1.6361810020417347,
                    "avg": 1.6361810020417347
                },
                "7": {
                    "1-2": 3.2579751755232467,
                    "avg": 3.2579751755232467
                }
            },
            "Volunteer_1": {
                "0": {
                    "1-2": 0.0,
                    "avg": 0.0
                },