{"grp0": {"0": [[0.0, 0.0, 0.0], [0.004315326467721969, -0.004315326467721969, 0.0], [0.004315326467721969, -0.004315326467721969, 0.0], [0.0, 0.0, 0.0], [0.0, 0.0, 0.0], [0.004315203339647116, -0.004315203339647116, 0.0], [0.004315203339647116, -0.004315203339647116, 0.0]], "1": [[0.012857142857142859, -0.012857142857142859, 0.0], [0.004315326467721969, -0.004315326467721969, 0.0], [0.017261305870887877, -0.017261305870887877, 0.0], [0.0, 0.0, 0.0], [0.012961801994269436, -0.012961801994269436, 0.0], [0.0, 0.0, 0.0], [0.012936669398946176, -0.012936669398946176, 0.0]], "2": [[0.025714285714285717, -0.025714285714285717, 0.0], [0.004315326467721969, -0.004315326467721969, 0.0], [0.030207285274053784, -0.030207285274053784, 0.0], [0.004321399137373051, 0.0, -0.004321399137373051], [0.026264463456496284, -0.02590710716619932, -0.004317851194366553], [0.004315203339647116, -0.004315203339647116, 0.0], [0.025873338797892352, -0.025873338797892352, 0.0]], "3": [[0.051428571428571435, -0.051428571428571435, 0.0], [0.0, 0.0, 0.0], [0.05178391761266363, -0.05178391761266363, 0.0], [0.004317851194366553, 0.0, -0.004317851194366553], [0.0520253758074998, -0.051845667582059704, -0.004320472298504976], [0.0, 0.0, 0.0], [0.05178531794083685, -0.05178531794083685, 0.0]], "4": [[0.10285714285714287, -0.10285714285714287, 0.0], [0.0, 0.0, 0.0], [0.10349240182965998, -0.10349240182965998, 0.0], [0.004317851194366553, 0.0, -0.004317851194366553], [0.10378130597077634, -0.10369133516411941, -0.004320472298504976], [0.0061025939063598395, -0.004315185534014745, -0.004315185534014745], [0.10366008330767654, -0.10357021759220808, -0.00431542573300867]], "5": [[0.20142857142857143, -0.20142857142857143, 0.0], [0.004314931725019317, 0.0, -0.004314931725019317], [0.2026726202497508, -0.2026726202497508, 0.0], [0.004317851194366553, 0.0, -0.004317851194366553], [0.20310815530044332, -0.20306219802973385, -0.004320472298504976], [0.004312204216979883, 0.0, -0.004312204216979883], [0.2028709130413245, -0.20282500945140747, -0.00431542573300867]], "6": [[0.40285714285714286, -0.40285714285714286, 0.0], [0.004315326467721969, -0.004315326467721969, 0.0], [0.4053348923424817, -0.4053348923424817, 0.0], [0.004317851194366553, 0.0, -0.004317851194366553], [0.40590097891425825, -0.405878012270456, -0.004317851194366553], [0.004315203339647116, -0.004315203339647116, 0.0], [0.4056475970916705, -0.4056475970916705, 0.0]], "7": [[0.8057142857142857, -0.8057142857142857, 0.0], [0.004315326467721969, -0.004315326467721969, 0.0], [0.8155967023994521, -0.8155967023994521, 0.0], [0.006110070520402996, -0.004320472298504976, -0.004320472298504976], [0.811767508106479, -0.811756024540912, -0.004317851194366553], [0.004315443161736404, -0.004315443161736404, 0.0], [0.8155734311933049, -0.8155734311933049, 0.0]]}, "grp1": {"0": [[0.0, 0.0, 0.0], [0.0, 0.0, 0.0], [0.0, 0.0, 0.0], [0.004338702689762632, -0.004338702689762632, 0.0], [0.004338702689762632, -0.004338702689762632, 0.0], [0.004339969198509619, -0.004339969198509619, 0.0], [0.004339969198509619, -0.004339969198509619, 0.0]], "1": [[0.012977493128457168, -0.012977493128457168, 0.0], [0.0, 0.0, 0.0], [0.01301001920410685, -0.01301001920410685, 0.0], [0.0, 0.0, 0.0], [0.013010039865833965, -0.013010039865833965, 0.0], [0.004336602666368337, -0.004336602666368337, 0.0], [0.013019912194000366, -0.013019912194000366, 0.0]], "2": [[0.025954986256914336, -0.025954986256914336, 0.0], [0.0, 0.0, 0.0], [0.026035746181137857, -0.026035746181137857, 0.0], [0.004338649838863011, 0.0, -0.004338649838863011], [0.026390976671920332, -0.02603189903317807, -0.004338649838863011], [0.004343203565046259, -0.004343203565046259, 0.0], [0.026059221390277554, -0.026059221390277554, 0.0]], "3": [[0.05191134768626333, -0.05191134768626333, 0.0], [0.0, 0.0, 0.0], [0.05207149236227571, -0.05207149236227571, 0.0], [0.004338649838863011, 0.0, -0.004338649838863011], [0.052064147339955166, -0.052064147339955166, 0.0], [0.0, 0.0, 0.0], [0.05211844278055511, -0.05211844278055511, 0.0]], "4": [[0.10389253531330567, -0.10389253531330567, 0.0], [0.0, 0.0, 0.0], [0.10414298472455143, -0.10414298472455143, 0.0], [0.004338649838863011, 0.0, -0.004338649838863011], [0.10431433306052744, -0.1042239001583439, -0.004342662506597663], [0.004340155444532157, -0.004340155444532157, 0.0], [0.10416373066877177, -0.10416373066877177, 0.0]], "5": [[0.20346160861517248, -0.20346160861517248, 0.0], [0.0, 0.0, 0.0], [0.20395211608760527, -0.20395211608760527, 0.0], [0.004338765499752484, 0.0, -0.004338765499752484], [0.20415677847454727, -0.20411058393193204, -0.004342778381530469], [0.0, 0.0, 0.0], [0.20399272771520577, -0.20399272771520577, 0.0]], "6": [[0.40662811802499127, -0.40662811802499127, 0.0], [0.0, 0.0, 0.0], [0.4078933568378264, -0.4078933568378264, 0.0], [0.004338649838863011, 0.0, -0.004338649838863011], [0.40785616212488307, -0.40783308485312303, -0.004338649838863011], [0.004343203565046259, -0.004343203565046259, 0.0], [0.4079878692104214, -0.4079878692104214, 0.0]], "7": [[0.8089304050071635, -0.8089304050071635, 0.0], [0.0, 0.0, 0.0], [0.8114474226454632, -0.8114474226454632, 0.0], [0.004342662506597663, 0.0, -0.004342662506597663], [0.8113391204524673, -0.811327519867383, -0.004338649838863011], [0.0, 0.0, 0.0], [0.8121790666636505, -0.8121790666636505, 0.0]]}}