{"grp0": {"0": {"0.png/1.png": {"d": 0.0, "dx": 0.0, "dy": 0.0}}, "1": {"0.png/1.png": {"d": 0.051428571428571435, "dx": -0.051428571428571435, "dy": 0.0}}, "2": {"0.png/1.png": {"d": 0.10285714285714287, "dx": -0.10285714285714287, "dy": 0.0}}, "3": {"0.png/1.png": {"d": 0.20571428571428574, "dx": -0.20571428571428574, "dy": 0.0}}, "4": {"0.png/1.png": {"d": 0.4114285714285715, "dx": -0.4114285714285715, "dy": 0.0}}, "5": {"0.png/1.png": {"d": 0.8057142857142857, "dx": -0.8057142857142857, "dy": 0.0}}, "6": {"0.png/1.png": {"d": 1.6114285714285714, "dx": -1.6114285714285714, "dy": 0.0}}, "7": {"0.png/1.png": {"d": 3.222857142857143, "dx": -3.222857142857143, "dy": 0.0}}}, "grp1": {"0": {"0.png/1.png": {"d": 0.0, "dx": 0.0, "dy": 0.0}}, "1": {"0.png/1.png": {"d": 0.05214421310750333, "dx": -0.05214421310750333, "dy": 0.0}}, "2": {"0.png/1.png": {"d": 0.10428842621500665, "dx": -0.10428842621500665, "dy": 0.0}}, "3": {"0.png/1.png": {"d": 0.2084185218505455, "dx": -0.2084185218505455, "dy": 0.0}}, "4": {"0.png/1.png": {"d": 0.4168289427795169, "dx": -0.4168289427795169, "dy": 0.0}}, "5": {"0.png/1.png": {"d": 0.816436459851716, "dx": -0.8162517248205353, "dy": 0.017367057974905006}}, "6": {"0.png/1.png": {"d": 1.6152435443417275, "dx": -1.6152435443417275, "dy": 0.0}}, "7": {"0.png/1.png": {"d": 3.2677040214035418, "dx": -3.2677040214035418, "dy": 0.0}}}, "grp2": {"0": {"0.png/1.png": {"d": 0.0, "dx": 0.0, "dy": 0.0}}, "1": {"0.png/1.png": {"d": 0.0522727159932759, "dx": -0.0522727159932759, "dy": 0.0}}, "2": {"0.png/1.png": {"d": 0.10449781171210164, "dx": -0.10449781171210164, "dy": 0.0}}, "3": {"0.png/1.png": {"d": 0.20895045989017616, "dx": -0.20895045989017616, "dy": 0.0}}, "4": {"0.png/1.png": {"d": 0.4179009197803523, "dx": -0.4179009197803523, "dy": 0.0}}, "5": {"0.png/1.png": {"d": 0.8183893012365233, "dx": -0.8183893012365233, "dy": 0.0}}, "6": {"0.png/1.png": {"d": 1.6357781145114922, "dx": -1.6357781145114922, "dy": 0.0}}, "7": {"0.png/1.png": {"d": 3.256144666621912, "dx": -3.256144666621912, "dy": 0.0}}}, "grp3": {"0": {"0.png/1.png": {"d": 0.0, "dx": 0.0, "dy": 0.0}}, "1": {"0.png/1.png": {"d": 0.05206874348174058, "dx": -0.05206874348174058, "dy": 0.0}}, "2": {"0.png/1.png": {"d": 0.08684158777772497, "dx": -0.08684158777772497, "dy": 0.0}}, "3": {"0.png/1.png": {"d": 0.2084314843831167, "dx": -0.2084314843831167, "dy": 0.0}}, "4": {"0.png/1.png": {"d": 0.39976837751988903, "dx": -0.39976837751988903, "dy": 0.0}}, "5": {"0.png/1.png": {"d": 0.8163496515049183, "dx": -0.8163496515049183, "dy": 0.0}}, "6": {"0.png/1.png": {"d": 1.6164518858191599, "dx": -1.6164518858191599, "dy": 0.0}}, "7": {"0.png/1.png": {"d": 3.2676991103501103, "dx": -3.2676991103501103, "dy": 0.0}}}, "grp4": {"0": {"0.png/1.png": {"d": 0.0, "dx": 0.0, "dy": 0.0}}, "1": {"0.png/1.png": {"d": 0.05190997251382867, "dx": -0.05190997251382867, "dy": 0.0}}, "2": {"0.png/1.png": {"d": 0.10381994502765735, "dx": -0.10381994502765735, "dy": 0.0}}, "3": {"0.png/1.png": {"d": 0.2076453907450533, "dx": -0.2076453907450533, "dy": 0.0}}, "4": {"0.png/1.png": {"d": 0.41557014125322267, "dx": -0.41557014125322267, "dy": 0.0}}, "5": {"0.png/1.png": {"d": 0.8138464344606899, "dx": -0.8138464344606899, "dy": 0.0}}, "6": {"0.png/1.png": {"d": 1.626512472099965, "dx": -1.626512472099965, "dy": 0.0}}, "7": {"0.png/1.png": {"d": 3.235721620028654, "dx": -3.235721620028654, "dy": 0.0}}}, "grp5": {"0": {"0.png/1.png": {"d": 0.0, "dx": 0.0, "dy": 0.0}}, "1": {"0.png/1.png": {"d": 0.052170834930251986, "dx": -0.052170834930251986, "dy": 0.0}}, "2": {"0.png/1.png": {"d": 0.10437972641696835, "dx": -0.10437972641696835, "dy": 0.0}}, "3": {"0.png/1.png": {"d": 0.20893610049637132, "dx": -0.20893610049637132, "dy": 0.0}}, "4": {"0.png/1.png": {"d": 0.4175189056678734, "dx": -0.4175189056678734, "dy": 0.0}}, "5": {"0.png/1.png": {"d": 0.8183330602774543, "dx": -0.8183330602774543, "dy": 0.0}}, "6": {"0.png/1.png": {"d": 1.6352823805325043, "dx": -1.6352823805325043, "dy": 0.0}}, "7": {"0.png/1.png": {"d": 3.253168139995514, "dx": -3.253168139995514, "dy": 0.0}}}, "grp6": {"0": {"0.png/1.png": {"d": 0.0, "dx": 0.0, "dy": 0.0}}, "1": {"0.png/1.png": {"d": 0.05217099644140705, "dx": -0.05217099644140705, "dy": 0.0}}, "2": {"0.png/1.png": {"d": 0.10443708523670647, "dx": -0.10443708523670647, "dy": 0.0}}, "3": {"0.png/1.png": {"d": 0.2095995835183404, "dx": -0.2088755758850955, "dy": 0.017406297990424625}}, "4": {"0.png/1.png": {"d": 0.41813585140405307, "dx": -0.41813585140405307, "dy": 0.0}}, "5": {"0.png/1.png": {"d": 0.8188493756662706, "dx": -0.8188493756662706, "dy": 0.0}}, "6": {"0.png/1.png": {"d": 1.6361810020417347, "dx": -1.6361810020417347, "dy": 0.0}}, "7": {"0.png/1.png": {"d": 3.2579751755232467, "dx": -3.2579751755232467, "dy": 0.0}}}, "grp7": {"0": {"0.png/1.png": {"d": 0.0, "dx": 0.0, "dy": 0.0}}, "1": {"0.png/1.png": {"d": 0.03480650380682858, "dx": -0.03480650380682858, "dy": 0.0}}, "2": {"0.png/1.png": {"d": 0.08721433145527027, "dx": -0.08721433145527027, "dy": 0.0}}, "3": {"0.png/1.png": {"d": 0.20917370969356397, "dx": -0.20917370969356397, "dy": 0.0}}, "4": {"0.png/1.png": {"d": 0.40062086708766553, "dx": -0.40062086708766553, "dy": 0.0}}, "5": {"0.png/1.png": {"d": 0.8192368947112156, "dx": -0.8192368947112156, "dy": 0.0}}, "6": {"0.png/1.png": {"d": 1.6210962501251207, "dx": -1.6210962501251207, "dy": 0.0}}, "7": {"0.png/1.png": {"d": 3.261815996427108, "dx": -3.261815996427108, "dy": 0.0}}}}